序号,题名,CVE,卡片状态,来源数,下一步
001,apache  远程代码执行 （CVE-2021-42013）,CVE-2021-42013,已整理：Apache 双重编码路径穿越与 CGI RCE,7,继续按题库顺序整理第002题；本题后续实战报告另行补充
002,apache-kylin 命令执行 (CVE-2020-1956),CVE-2020-1956,已整理：Kylin Cube Migration 管理员命令注入,4,继续整理第003题
003,apache-nifi-api 代码执行,,已整理：NiFi 匿名 API 创建 ExecuteProcess,4,第004题已完成，继续整理第005题
004,apache-shenyu（题库原标CVE-2021-38570；镜像对应CVE-2021-37580）,CVE-2021-37580,已整理：ShenYu Admin JWT 认证绕过（编号已校正）,6,继续整理第005题：Arm 64位 Debian环境
005,Arm 64位 Debian环境,,已整理：环境/架构识别题（非漏洞利用链）,4,继续整理第006题：Atlassian Jira CVE-2021-26086
006,Atlassian Jira 路径遍历 （CVE-2021-26086）,CVE-2021-26086,已整理：Jira 限定文件读取,4,继续整理第007题：Bash CVE-2014-6271
007,bash 命令执行 （CVE-2014-6271）,CVE-2014-6271,已整理：Shellshock CGI 请求头利用链,4,继续整理第008题：bodgeit 靶场
008,bodgeit 靶场,,已整理：BodgeIt Score 漏洞练习路线,5,继续整理第009题：Casdoor SQL 注入（CVE-2022-24124）
009,casdoor SQL注入（CVE-2022-24124）,CVE-2022-24124,已整理：公开接口 field 参数 SQL 注入错误回显,5,继续整理第010题：Cisco CVE-2020-3331
010,cisco 代码执行 （CVE-2020-3331）,CVE-2020-3331,已整理：guest_logout.cgi POST 栈溢出 + MIPS ROP 反弹 Shell,3,继续整理第011题：CMSEasy CNVD-2021-34045
011,cmseasy 远程命令执行 （CNVD-2021-34045）,CNVD-2021-34045,待补链路：精确编号检索未找到含操作步骤的题解/PoC,2,目前仅能确认漏洞名称，无入口/参数/Payload；不套用其他 CmsEasy 漏洞，发现直接来源后再补步骤
012,coldfusion 代码执行 （CVE-2018-15961）,CVE-2018-15961,已整理：CKEditor upload.cfm 上传 JSP 后 GET 执行,4,继续整理第013题 ColdFusion CVE-2021-21087
013,coldfusion 代码执行 （CVE-2021-21087）,CVE-2021-21087,已整理：确认官方分类为 XSS；模板仅支持 cfajax.js 特征探测,2,继续整理第015题 CouchDB CVE-2017-12635；第011题仍待补直接利用链来源
014,Confluence OGNL 注入 (CVE-2022-26134),CVE-2022-26134,已整理：URI 路径 OGNL 注入，按版本选链并从响应头取回显,3,继续整理第015题 CouchDB CVE-2017-12635
015,couchdb 权限绕过 （CVE-2017-12635）,CVE-2017-12635,已整理：重复 roles 键实现 CouchDB _admin 权限提升,3,继续整理第017题 DedeCMS CVE-2017-17731
016,daemon-api 未授权访问,,已整理：Docker Remote API 2375 未授权访问并创建远端容器,4,继续整理第017题 DedeCMS CVE-2017-17731
017,dedecms SQL注入 （CVE-2017-17731）,CVE-2017-17731,已整理：recommend.php 的 $_FILES SQL 注入检测链,4,继续整理第019题 DedeCMS CVE-2015-4553
018,dedecms 代码执行 (CNVD-2018-01221),CNVD-2018-01221,已整理：tpl.php savetagfile 写入 PHP 文件并访问触发,4,继续整理第019题 DedeCMS CVE-2015-4553
019,dedecms 远程文件包含 （CVE-2015-4553）,CVE-2015-4553,已整理：两阶段利用配置覆盖实现远程文件写入,3,继续整理第021题 Druid CVE-2021-36749
020,domoticz  sql注入（CVE-2019-10664）,CVE-2019-10664,已整理：floorplans/plan 的 idx SQL 注入读取配置项,3,继续整理第021题 Druid CVE-2021-36749
021,Druid 任意文件读取 （CVE-2021-36749）,CVE-2021-36749,已整理：sampler 的 HTTP Firehose file URI 任意文件读取,3,继续整理第023题 Dubbo CVE-2019-17564
022,drupal 远程代码执行 （CVE-2019-6339）,CVE-2019-6339,已整理：管理员头像 JPEG/PHAR 触发 phar:// 反序列化,4,继续整理第023题 Dubbo CVE-2019-17564
023,dubbo 代码执行 （CVE-2019-17564）,CVE-2019-17564,已整理：Dubbo HTTP Invoker 反序列化 RCE,5,继续按题库顺序整理第024题
024,dubbo 代码执行 （CVE-2020-1948）,CVE-2020-1948,已整理：Dubbo Provider Hessian2 反序列化链,6,继续按题库顺序整理第025题
025,elasticsearch 代码执行 (CVE-2015-1427),CVE-2015-1427,已整理：Elasticsearch Groovy script_fields 沙盒绕过,5,继续按题库顺序整理第026题
026,empire 代码执行 （CVE-2018-19462）,CVE-2018-19462,已整理：后台 SQL INTO OUTFILE 写 PHP；镜像账号/绝对路径待实战确认,3,继续按题库顺序整理第027题
027,exim4 命令执行 （CVE-2020-28020）,CVE-2020-28020,已整理：公开RCE链分析；暂无可照抄完整exploit,4,继续按题库顺序整理第028题
028,Fastjson 1.2.80 反序列化,,已整理：Groovy两段链片段；镜像接口/依赖待补,3,继续按题库顺序整理第029题
029,forgerok openam 代码执行 （CVE-2021-35464）,CVE-2021-35464,已整理：JATO jato.pageSession + Click1 反序列化 RCE,6,继续按题库顺序整理第030题
030,Fuelcms 远程代码执行 （CVE-2018-16763）,CVE-2018-16763,已整理：/fuel/pages/select/ 的 GET filter PHP 表达式执行命令,5,继续按题库顺序整理第031题
031,genixcms SQL注入 （CVE-2015-3933）,CVE-2015-3933,已整理：注册接口 SQL 注入；SQLMap 使用原始 POST 请求,5,继续按题库顺序整理第033题
032,Gerapy 远程代码执行 （CVE-2021-43857）,CVE-2021-43857,已整理：认证后利用已有项目触发 parse 命令注入,4,继续按题库顺序整理第033题
033,GhostScript 沙箱绕过（CVE-2018-16509）,CVE-2018-16509,已整理：图片上传 PostScript 载荷触发 Ghostscript %pipe% 命令执行,5,继续按题库顺序整理第035题
034,glzjin/upload-labs,,已整理：多关卡上传靶场；题库未指定Pass，整理Less-1至Less-10题解,4,继续按题库顺序整理第035题
035,goahead 变量注入 (CVE-2021-42342),CVE-2021-42342,已整理：CGI 环境变量注入；满足条件时可借 LD_PRELOAD 加载共享库,5,继续按题库顺序整理第037题
036,GoCD 任意文件读取漏洞 (CVE-2021-43287),CVE-2021-43287,已整理：Business Continuity 未授权插件接口读取服务器文件,5,继续按题库顺序整理第037题
037,grafana 目录遍历 （CVE-2021-43798）,CVE-2021-43798,已整理：/public/plugins/ 路径遍历读取文件；curl 保留原始路径,3,继续按题库顺序整理第038题
038,Grafana未授权任意文件读取,,已整理：公开PoC遍历插件静态资源路径读文件；与CVE-2021-43798相关但镜像对应未证实,5,继续按题库顺序整理第040题
039,gxlcms 文件读取 （CVE-2018-14685）,CVE-2018-14685,已整理：Tpl新增路由参数转换路径读取配置文件和安装SQL,2,继续按题库顺序整理第040题
040,h2database RCE（CVE-2022-23221）,CVE-2022-23221,已整理：H2 Console JDBC URL INIT触发器执行命令；区分不同PoC链路,6,继续按题库顺序整理第042题
041,Hessian 反序列化,,已整理：未找到镜像专属链路；附通用Hessian入口识别流程,1,继续按题库顺序整理第042题
042,httpd 后缀解析,,已整理：上传phpinfo.php.jpg绕过末尾后缀检查并由Apache PHP handler解析,3,继续按题库顺序整理第044题
043,httpd-ssi 命令执行,,已整理：.shtml 使用SSI #exec执行命令；镜像上传入口未确认,2,继续按题库顺序整理第044题
044,huawei HG532 远程命令执行 （CVE-2017-17215）,CVE-2017-17215,已整理：SOAP DeviceUpgrade / NewStatusURL 命令注入链,5,继续整理第047题；第047、048题并行处理中
045,imcat 远程代码执行 （CNVD-2020-32339）,CNVD-2020-32339,已整理：准确编号资料未提供可执行步骤,3,此题步骤待直接来源；按序继续第047题
046,jackson 代码执行 (CVE-2020-8840),CVE-2020-8840,已整理：JndiConverter 多态反序列化至 JNDI/LDAP 远程类加载链,5,继续整理第047题；第047、048题并行处理中
047,java-rmi-codebase 代码执行,,已整理：RMI codebase 自定义子类远程加载链,4,继续按题库顺序整理第050题；第048、049题并行处理中
048,java-rmi-registry-bind-deserialization 代码执行,,已整理：RMI Registry bind + ysoserial CommonsCollections 链,5,继续整理第051题；第049、051题并行处理中
049,java-rmi-registry-bind-deserialization-bypass 代码执行,,已整理：UnicastRef 回连 JRMP Listener 两阶段 bypass 链,4,继续整理第052题；第052、053题并行处理中
050,jboss 反序列化 （CVE-2017-7504）,CVE-2017-7504,已整理：JBossMQ HTTPServerILServlet 反序列化入口链,4,继续整理第052题；第052、053题并行处理中
051,jenkins 代码执行 （CVE-2017-1000353）,CVE-2017-1000353,已整理：Jenkins HTTP CLI SignedObject 分块序列化利用链,7,继续整理第052题；第052、053题并行处理中
052,jetty 敏感信息泄露 （CVE-2021-28169）,CVE-2021-28169,已整理：ConcatServlet/WelcomeFilter 双重解码读取 WEB-INF,7,继续按题库顺序整理第054题；第054、055题并行处理中
053,jetty 敏感信息泄露 (CVE-2021-34429),CVE-2021-34429,已整理：/%u002e/WEB-INF/web.xml 路径解析绕过链,7,继续按题库顺序整理第054题；第052、054题并行处理中
054,joomla 注册流程账号接管（题库误标CVE-2016-9839；实际CVE-2016-9838）,CVE-2016-9838,已整理：同一会话两阶段注册表单修改既有账号,8,继续按题库顺序整理第056题；第056、057题并行处理中
055,joomla 远程代码执行 （CVE-2021-23132）,CVE-2021-23132,已整理：com_media 路径绕过、配置替换到模板 RCE,5,继续按题库顺序整理第056题；第056、057题并行处理中
056,jquery 文件上传 （CVE-2018-9207）,CVE-2018-9207,已整理：myfile multipart 上传并访问 uploads 文件,3,继续按题库顺序整理第059题；第058、059题并行处理中
057,junams 文件上传 （CNVD-2020-24741）,CNVD-2020-24741,已整理：add_images.html 非图片校验绕过上传 PHP,4,继续按题库顺序整理第058题；第056、058题并行处理中
058,jupyter-notebook XSSI（题库误标命令执行；CVE-2019-9644）,CVE-2019-9644,已整理：官方资料确认是 XSSI，非命令执行,3,继续按题库顺序整理第060题；第059、060题并行处理中
059,kindeditor 目录遍历 （CVE-2018-18950）,CVE-2018-18950,已整理：upload_json.php path 枚举附件目录,3,继续按题库顺序整理第061题；第060、061题并行处理中
060,kylin  命令注入 （CVE-2021-45456）,CVE-2021-45456,已整理：项目名清洗与诊断 Shell 调用不一致,5,继续按题库顺序整理第062题；第062、063题并行处理中
061,kylin 命令执行（CVE-2020-13925）,CVE-2020-13925,已整理：诊断下载接口 project 路径段命令注入,3,继续按题库顺序整理第062题；第060、062题并行处理中
062,log4j 代码执行 (CVE-2017-5645),CVE-2017-5645,已整理：Log4j TCP/UDP SocketServer 反序列化代码执行,3,题库未提供内部端口；示例端口 1337 仅属于原始 PoC
063,Metabase geojson任意文件读取漏洞 （CVE-2021-41277）,CVE-2021-41277,已整理：Metabase GeoJSON 本地文件读取,4,第064题已完成；当前第067题并行整理中
064,MinIO SSRF （CVE-2021-21287）,CVE-2021-21287,已整理：MinIO Browser API SSRF 与 Docker API build 链路,4,第065题已完成；当前第067题并行整理中
065,mogodb 代码执行 （CVE-2013-1892）,CVE-2013-1892,已整理：MongoDB nativeHelper.apply 代码执行,4,第066题已完成；当前第067题并行整理中
066,msvod SQL注入 （CVE-2018-14418）,CVE-2018-14418,已整理：MSVOD v10 extractvalue() SQL 注入,3,第067、068题已完成；继续整理第069题 CVE-2018-10737
067,nagios 代码执行 (CVE-2016-9565),CVE-2016-9565,已整理：Nagios RSS/MagpieRSS curl 参数注入 RCE,3,第068题已完成；继续整理第069题 CVE-2018-10737
068,nagiosxi SQL注入 （CVE-2018-10735）,CVE-2018-10735,已整理：Nagios XI commandline.php cname UNION SQL 注入,5,第068题完成；第069题已完成，第070题并行整理中
069,nagiosxi SQL注入 （CVE-2018-10737）,CVE-2018-10737,已整理：Nagios XI logbook.php txtSearch 错误型 SQL 注入,4,第069题完成；第070题完成，继续第071题：Nexus CVE-2020-10204
070,Nexus Repository Manager3 EL注入（CVE-2018-16621）,CVE-2018-16621,已整理：Nexus coreui_User.update 角色字段 EL 注入算术验证,4,第071题已完成；第072题 CVE-2020-11444 并行整理中
071,nexus 命令执行 （CVE-2020-10204）,CVE-2020-10204,已整理：Nexus coreui_User.update EL 过滤绕过至命令执行,4,第072题已完成；继续第073题 Nexus CVE-2019-5475
072,nexus 权限绕过 (CVE-2020-11444),CVE-2020-11444,已整理：Nexus coreui_User.changePassword 权限绕过重置管理员密码,2,继续第073题：Nexus CVE-2019-5475
073,nexus 远程命令执行 （CVE-2019-5475）,CVE-2019-5475,已整理：Nexus 2 Yum capability createrepoPath 命令注入,5,继续第074题 nginx；先确认题目无 CVE 的具体靶场链路
074,nginx,,信息待补：题库仅给 nginx:latest 与端口80，无漏洞编号/应用路径/利用资料,0,待补具体题目漏洞或场景；不把普通 Nginx 服务臆写成漏洞链
075,Nginx 权限提升 （CVE-2016-1247）,CVE-2016-1247,已整理：Nginx Debian/Ubuntu logrotate 本地提权 PoC 链,4,继续整理第079题；第074题场景信息待补
076,nginx 信息泄露 （CVE-2017-7529）,CVE-2017-7529,已整理：Nginx 缓存资源 Range 整数溢出泄露缓存文件头,5,继续按题库顺序整理后续题目；第074题场景信息待补
077,Node.js 目录穿越漏洞（CVE-2017-14849）,CVE-2017-14849,已整理：Node.js/Express 静态目录穿越读取文件,5,继续整理第079题；第074题场景信息待补
078,nodejs 代码执行 (CVE-2017-5941),CVE-2017-5941,已整理：node-serialize unserialize() IIFE 反序列化代码执行,3,继续整理第079题；第074题场景信息待补
079,nuxeo 命令执行 （CVE-2018-16341）,CVE-2018-16341,已整理：Nuxeo login.jsp Facelet SSTI 未授权命令执行,4,第079–100题本批已完成；继续按题库顺序整理第101题
080,O2OA RCE 远程命令执行（CVE-2022-22916）,CVE-2022-22916,已整理：O2OA invoke 接口认证后 Runtime.exec,4,第079–100题本批已完成；继续按题库顺序整理第101题
081,ofbiz 反序列化（CVE-2021-30128）,CVE-2021-30128,已整理：OFBiz SOAPService CommonsBeanutils 泛型截断反序列化,4,第079–100题本批已完成；继续按题库顺序整理第101题
082,oklite 文件上传 （CVE-2019-16131）,CVE-2019-16131,已整理：OKLite 后台模块 ZIP 解压写 PHP 到 data/cache,4,第079–100题本批已完成；继续按题库顺序整理第101题
083,Onlinebookstore 代码执行 （CVE-2020-24115）,CVE-2020-24115,已整理：官方定性为硬编码凭据（非代码执行）；Admin Login,3,题库原标代码执行已按 CVE-2020-24115 校正；不写无关上传链
084,opensmtpd 远程代码执行 （CVE-2020-7247）,CVE-2020-7247,已整理：OpenSMTPD MAIL FROM 注入 + DATA 正文当脚本,3,第079–100题本批已完成；继续按题库顺序整理第101题
085,pbootcms SQL注入 （CVE-2018-16356）,CVE-2018-16356,已整理：PbootCMS api.php List/index order SQL 注入,4,第079–100题本批已完成；继续按题库顺序整理第101题
086,phpcollab SQL注入 （CVE-2017-6089）,CVE-2017-6089,已整理：phpCollab 三处未授权删除接口 SQL 注入,3,第079–100题本批已完成；继续按题库顺序整理第101题
087,phpok 文件上传 （CVE-2018-12491）,CVE-2018-12491,已整理：PHPOK 4.9.032 modulec_control.php import_f ZIP 导入,2,第079–100题本批已完成；继续按题库顺序整理第101题
088,Piwigo SQL注入 （CVE-2022-26266）,CVE-2022-26266,已整理：Piwigo 后台 pwg.users.getList order SQL 注入,3,第079–100题本批已完成；继续按题库顺序整理第101题
089,primefaces  远程代码执行（CVE-2017-1000486）,CVE-2017-1000486,已整理：PrimeFaces pfdrid 弱加密 EL 注入,3,第079–100题本批已完成；继续按题库顺序整理第101题
090,python-pickle 命令执行,,已整理：未找到镜像专属题解；附 Vulhub Flask pickle Cookie 链,2,入口未由本题资料确认；发现 Vulfocus 专属题解后再补
091,Ruby On Rails 路径遍历漏洞（CVE-2018-3760）,CVE-2018-3760,已整理：Sprockets 二次解码 %252e%252e/ 读文件,3,第079–100题本批已完成；继续按题库顺序整理第101题
092,ruby 命令执行 （CVE-2017-17405）,CVE-2017-17405,已整理：Net::FTP Kernel#open 管道文件名命令注入,3,公开 /download 路由未由本题镜像确认
093,salt 远程代码执行（CVE-2021-25281）,CVE-2021-25281,已整理：Salt API wheel_async 未授权；RCE 需拼 25282/25283,4,第079–100题本批已完成；继续按题库顺序整理第101题
094,shardingsphere 代码执行 （CVE-2020-1947）,CVE-2020-1947,已整理：ShardingSphere UI /api/schema SnakeYAML JNDI,4,第079–100题本批已完成；继续按题库顺序整理第101题
095,ShenYu 未授权访问 （CVE-2022-23944）,CVE-2022-23944,已整理：ShenYu /plugin 未授权查询（与 37580 区分）,4,第079–100题本批已完成；继续按题库顺序整理第101题
096,shiro 权限绕过 （CVE-2020-11989）,CVE-2020-11989,已整理：Shiro+Spring 分号/双重编码认证绕过,3,第079–100题本批已完成；继续按题库顺序整理第101题
097,Shiro 授权绕过 （CVE-2022-32532）,CVE-2022-32532,已整理：RegExPatternMatcher %0a/%0d 授权绕过,4,第079–100题本批已完成；继续按题库顺序整理第101题
098,solr 上传代码 （CVE-2019-12409）,CVE-2019-12409,已整理：官方定性为默认 JMX RMI（非 HTTP 上传）；18983,4,题库原标上传代码已按 CVE-2019-12409 校正
099,spark 远程代码执行 （CVE-2020-9480）,CVE-2020-9480,已整理：Standalone Master 认证绕过 RPC；REST 提交仅作辅助,4,第079–100题本批已完成；继续按题库顺序整理第101题
100,Spring Data MongoDB SpEL Expression injection,CVE-2022-22890,已整理：题库 CVE-2022-22890 对应官方 CVE-2022-22980 SpEL,3,编号已对照 Spring 公告校正；继续第101题
101,spring MVC_RFD 文件下载 （CVE-2020-5398）,CVE-2020-5398,已整理：Spring MVC/WebFlux RFD filename 引号注入,4,继续整理第102题
102,struts2 代码执行 （CVE-2021-31805）,CVE-2021-31805,已整理：Struts2 S2-062 BeanMap 强制 OGNL,4,继续整理第103题
103,struts2 命令执行 （CVE-2013-1965）,CVE-2013-1965,已整理：Struts2 S2-012 redirect 二次 OGNL,4,继续整理第104题
104,struts2 命令执行 （CVE-2013-1966）,CVE-2013-1966,已整理：Struts2 S2-013 includeParams OGNL,4,继续整理第105题
105,struts2 命令执行 （CVE-2013-2135）,CVE-2013-2135,已整理：Struts2 S2-015 通配符 Action 名 OGNL,4,继续整理第106题
106,struts2 命令执行 （CVE-2013-2251）,CVE-2013-2251,已整理：Struts2 S2-016 redirect: 前缀 OGNL,4,继续整理第107题
107,struts-s2-001 代码执行 （CVE-2007-4556）,CVE-2007-4556,已整理：Struts2 S2-001 校验失败递归 OGNL（NVD CVE-2007-4556 为 XWork）,4,继续整理第108题
108,struts-s2-005 代码执行 （CVE-2010-1870）,CVE-2010-1870,已整理：Struts2 S2-005 参数名 \u0023 OGNL,4,继续整理第109题
109,struts-s2-007 代码执行 （CVE-2012-0838）,CVE-2012-0838,已整理：Struts2 S2-007 age 引号闭合 OGNL,4,继续整理第110题
110,subrions SQL注入 （CVE-2017-11444）,CVE-2017-11444,已整理：Subrion members.json GET 键名 SQL 注入,3,继续整理第111题
111,supervisord 代码执行 (CVE-2017-11610),CVE-2017-11610,已整理：Supervisord XML-RPC linecache.os.system,4,继续整理第112题
112,tapestry 任意文件读取 （CVE-2019-0195）,CVE-2019-0195,已整理：Tapestry classpath 资产读取 AppModule.class,3,继续整理第113题
113,thinkphp lang 命令执行,,已整理：ThinkPHP lang LFI 至 pearcmd 写文件（无 CVE）,4,继续整理第114题
114,tomcat 反序列化 （CVE-2020-9484）,CVE-2020-9484,已整理：Tomcat FileStore JSESSIONID 反序列化,4,继续整理第115题
115,typesetter 文件上传 （CVE-2020-25790）,CVE-2020-25790,已整理：Typesetter ZIP 解压绕过上传 PHP,4,继续整理第116题
116,ucms 远程命令执行 （CVE-2020-25483）,CVE-2020-25483,已整理：UCMS 后台 fileedit 写 PHP,3,继续整理第117题
117,vulfocus/717-3,,待补链路：镜像无描述、未找到与 717-3/717_3 直接对应的题解/PoC,1,不编造利用链；继续整理第118题
118,vulfocus/apache-40438,CVE-2021-40438,已整理：Apache mod_proxy unix: SSRF（题名 apache-40438=CVE-2021-40438）,4,继续整理第119题
119,vulfocus/apache-cve_2018_11759,CVE-2018-11759,已整理：mod_jk /jkstatus; 访问控制绕过,4,继续整理第120题
120,vulfocus/apache-cve_2021_41773,CVE-2021-41773,已整理：Apache 2.4.49 .%2e 路径穿越/CGI RCE,4,继续整理第121题
121,vulfocus/armel22,,已整理：armel22 ARM EABI 环境/架构识别（非漏洞链）,5,继续整理第122题
122,vulfocus/bwapp,,已整理：bWAPP 多漏洞练习入口（bee/bug、portal/low）,4,继续整理第123题
123,vulfocus/cuppacms-cve_2020_26048,CVE-2020-26048,已整理：CuppaCMS 认证后上传图片再 rename 为 PHP,3,继续整理第124题
124,vulfocus/discuzml-CVE-2019-13956,CVE-2019-13956,已整理：Discuz!ML language Cookie 注入 phpinfo,3,继续整理第125题
125,vulfocus/discuz-wooyun-2010-080723,wooyun-2010-080723; wooyun_2010,已整理：Discuz 6/7 Cookie 覆盖 GLOBALS smilies /e,3,继续按题库顺序整理第126题
126,vulfocus/drupal-CVE-2018-7602,CVE-2018-7602,待整理,0,读取本题CSV行和对应来源；提炼卡片
127,vulfocus/greencms-CVE-2018-12604,CVE-2018-12604,待整理,0,读取本题CSV行和对应来源；提炼卡片
128,vulfocus/gxlcms-CVE-2018-14685,CVE-2018-14685,待整理,0,读取本题CSV行和对应来源；提炼卡片
129,vulfocus/hackademic,,待整理,0,读取本题CSV行和对应来源；提炼卡片
130,vulfocus/hadoop,,待整理,0,读取本题CSV行和对应来源；提炼卡片
131,vulfocus/jspwiki（CVE-2021-44140）,CVE-2021-44140,待整理,0,读取本题CSV行和对应来源；提炼卡片
132,vulfocus/juice-shop,,待整理,0,读取本题CSV行和对应来源；提炼卡片
133,vulfocus/log4j2-CVE-2021-4104,CVE-2021-4104,待整理,0,读取本题CSV行和对应来源；提炼卡片
134,vulfocus/log4j2-rce-2021-12-09,,待整理,0,读取本题CSV行和对应来源；提炼卡片
135,vulfocus/monstra-CVE-2020-13384,CVE-2020-13384,待整理,0,读取本题CSV行和对应来源；提炼卡片
136,vulfocus/mutillidae,,待整理,0,读取本题CSV行和对应来源；提炼卡片
137,vulfocus/nagios-cve_2018_8733,CVE-2018-8733,待整理,0,读取本题CSV行和对应来源；提炼卡片
138,vulfocus/ofbiz-cve_2018_8033,CVE-2018-8033,待整理,0,读取本题CSV行和对应来源；提炼卡片
139,vulfocus/opentsdb-cev-2020-35476,,待整理,0,读取本题CSV行和对应来源；提炼卡片
140,vulfocus/php-ssrf,,待整理,0,读取本题CSV行和对应来源；提炼卡片
141,vulfocus/rails-CVE-2018-3760,CVE-2018-3760,待整理,0,读取本题CSV行和对应来源；提炼卡片
142,vulfocus/rails-CVE-2019-5418,CVE-2019-5418,待整理,0,读取本题CSV行和对应来源；提炼卡片
143,vulfocus/shiro-CVE-2016-4437,CVE-2016-4437,待整理,0,读取本题CSV行和对应来源；提炼卡片
144,vulfocus/spring-cve_2016_4977,CVE-2016-4977,待整理,0,读取本题CSV行和对应来源；提炼卡片
145,vulfocus/spring-cve_2018_1270,CVE-2018-1270,待整理,0,读取本题CSV行和对应来源；提炼卡片
146,vulfocus/spring-CVE-2020-5410,CVE-2020-5410,待整理,0,读取本题CSV行和对应来源；提炼卡片
147,vulfocus/sqli-labs,,待整理,0,读取本题CSV行和对应来源；提炼卡片
148,vulfocus/ssh-cve_2020_15778,CVE-2020-15778,待整理,0,读取本题CSV行和对应来源；提炼卡片
149,vulfocus/struts2-CVE-2017-5638,CVE-2017-5638,待整理,0,读取本题CSV行和对应来源；提炼卡片
150,vulfocus/thinkphp-5.0.24,,待整理,0,读取本题CSV行和对应来源；提炼卡片
151,vulfocus/vulfocus-api,,待整理,0,读取本题CSV行和对应来源；提炼卡片
152,vulfocus/vulfocus-web,,待整理,0,读取本题CSV行和对应来源；提炼卡片
153,vulfocus/webgrind-CVE-2018-12909,CVE-2018-12909,待整理,0,读取本题CSV行和对应来源；提炼卡片
154,vulfocus/weblogic-cve_2020_14883,CVE-2020-14883,待整理,0,读取本题CSV行和对应来源；提炼卡片
155,vulfocus/weblogic-CVE-2014-4210,CVE-2014-4210,待整理,0,读取本题CSV行和对应来源；提炼卡片
156,vulfocus/weblogic-CVE-2016-3510,CVE-2016-3510,待整理,0,读取本题CSV行和对应来源；提炼卡片
157,vulfocus/weblogic-CVE-2017-3248,CVE-2017-3248,待整理,0,读取本题CSV行和对应来源；提炼卡片
158,vulfocus/weblogic-CVE-2020-14750,CVE-2020-14750,待整理,0,读取本题CSV行和对应来源；提炼卡片
159,vulfocus/weblogic-CVE-2020-14825,CVE-2020-14825,待整理,0,读取本题CSV行和对应来源；提炼卡片
160,vulfocus/webmin-CVE-2019-15107,CVE-2019-15107,待整理,0,读取本题CSV行和对应来源；提炼卡片
161,vulfocus/webmin-CVE-2020-35606,CVE-2020-35606,待整理,0,读取本题CSV行和对应来源；提炼卡片
162,vulfocus/wordpress-cve_2019_8942:latest,CVE-2019-8942,待整理,0,读取本题CSV行和对应来源；提炼卡片
163,vulfocus/wordpress-CVE-2014-5201,CVE-2014-5201,待整理,0,读取本题CSV行和对应来源；提炼卡片
164,vulfocus/wordpress-CVE-2018-13137,CVE-2018-13137,待整理,0,读取本题CSV行和对应来源；提炼卡片
165,vulfocus/wordpress-CVE-2019-15866,CVE-2019-15866,待整理,0,读取本题CSV行和对应来源；提炼卡片
166,vulfocus/wuzhicms-CVE-2018-11528,CVE-2018-11528,待整理,0,读取本题CSV行和对应来源；提炼卡片
167,vulfocus/xdebug-rce,,待整理,0,读取本题CSV行和对应来源；提炼卡片
168,vulfocus/xss-labs,,待整理,0,读取本题CSV行和对应来源；提炼卡片
169,vulfocus/zabbix-CVE-2022-23131,CVE-2022-23131,待整理,0,读取本题CSV行和对应来源；提炼卡片
170,webgrind 文件读取 （CVE-2018-12909）,CVE-2018-12909,待整理,0,读取本题CSV行和对应来源；提炼卡片
171,webmin 远程代码执行 （CVE-2019-15642）,CVE-2019-15642,待整理,0,读取本题CSV行和对应来源；提炼卡片
172,Webmin 远程代码执行 （CVE-2022-0824）,CVE-2022-0824,待整理,0,读取本题CSV行和对应来源；提炼卡片
173,wordpress  存储型XSS （ CVE-2018-13137 ）,CVE-2018-13137,待整理,0,读取本题CSV行和对应来源；提炼卡片
174,wordpress CSRF （CVE-2022-23983）,CVE-2022-23983,待整理,0,读取本题CSV行和对应来源；提炼卡片
175,wordpress SQL注入 （CVE-2022-0228）,CVE-2022-0228,待整理,0,读取本题CSV行和对应来源；提炼卡片
176,wordpress 垂直越权 （CVE=2021-21389）,CVE-2021-21389,待整理,0,读取本题CSV行和对应来源；提炼卡片
177,wordpress 文件包含 （CVE-2018-7422）,CVE-2018-7422,待整理,0,读取本题CSV行和对应来源；提炼卡片
178,wordpress 文件上传  （CNVD-2020-50280）,CNVD-2020-50280,待整理,0,读取本题CSV行和对应来源；提炼卡片
179,wordpress 文件下载 （CVE-2019-19985）,CVE-2019-19985,待整理,0,读取本题CSV行和对应来源；提炼卡片
180,wordpress 远程代码执行 （CVE-2019-8942）,CVE-2019-8942,待整理,0,读取本题CSV行和对应来源；提炼卡片
181,wordpress 远程命令执行 （CVE-2018-15877）,CVE-2018-15877,待整理,0,读取本题CSV行和对应来源；提炼卡片
182,wordpress任意文件上传（CVE-2019-15866）,CVE-2019-15866,待整理,0,读取本题CSV行和对应来源；提炼卡片
183,wordpress远程代码执行（CVE-2019-8942）,CVE-2019-8942,待整理,0,读取本题CSV行和对应来源；提炼卡片
184,yapi 代码执行,,待整理,0,读取本题CSV行和对应来源；提炼卡片
185,youdiancms 9.5.0 版本 SQL注入 （CVE-2022-32300）,CVE-2022-32300,待整理,0,读取本题CSV行和对应来源；提炼卡片
186,youphptube  SQL注入 （CVE-2019-5120）,CVE-2019-5120,待整理,0,读取本题CSV行和对应来源；提炼卡片
187,youphptube SQL注入 （CVE-2019-18662）,CVE-2019-18662,待整理,0,读取本题CSV行和对应来源；提炼卡片
188,youphptube 命令执行 （CVE-2019-5128）,CVE-2019-5128,待整理,0,读取本题CSV行和对应来源；提炼卡片
189,Zimbra 任意文件读取漏洞 （CVE-2019-9670）,CVE-2019-9670,待整理,0,读取本题CSV行和对应来源；提炼卡片
190,Zimbra 文件读取导致Getshell （CVE-2013-7091）,CVE-2013-7091,待整理,0,读取本题CSV行和对应来源；提炼卡片
191,activemq 远程代码执行 （CVE-2016-3088）,CVE-2016-3088,待整理,0,读取本题CSV行和对应来源；提炼卡片
192,atlassian-crowd 命令执行 （CVE-2019-11580）,CVE-2019-11580,待整理,0,读取本题CSV行和对应来源；提炼卡片
193,coldfision 代码执行 （CVE-2017-3066）,CVE-2017-3066,待整理,0,读取本题CSV行和对应来源；提炼卡片
194,dcrcms 文件上传 （CNVD-2020-27175）,CNVD-2020-27175,待整理,0,读取本题CSV行和对应来源；提炼卡片
195,discuz 命令执行 （wooyun-2010-080723）,wooyun-2010-080723; wooyun_2010,待整理,0,读取本题CSV行和对应来源；提炼卡片
196,django SQL注入（CVE-2019-14234）,CVE-2019-14234,待整理,0,读取本题CSV行和对应来源；提炼卡片
197,druid 远程命令执行 （CVE-2021-25646）,CVE-2021-25646,待整理,0,读取本题CSV行和对应来源；提炼卡片
198,drupal 代码执行 (CVE-2017-6920),CVE-2017-6920,待整理,0,读取本题CSV行和对应来源；提炼卡片
199,empirecms 文件上传 （CVE-2018-18086）,CVE-2018-18086,待整理,0,读取本题CSV行和对应来源；提炼卡片
200,flink 文件写入 (CVE-2020-17518),CVE-2020-17518,待整理,0,读取本题CSV行和对应来源；提炼卡片
201,getsimple 远程代码执行 （CVE-2019-11231）,CVE-2019-11231,待整理,0,读取本题CSV行和对应来源；提炼卡片
202,gitlab 命令执行 （CVE-2021-22205）,CVE-2021-22205,已有卡片；冻结，不纳入本轮返工,3,除非用户提出修改或发现具体事实错误，否则不返工
203,jackson-databind 反序列化 （CVE-2017-7525）,CVE-2017-7525,待整理,0,读取本题CSV行和对应来源；提炼卡片
204,jboss 代码执行 (CVE-2017-12149),CVE-2017-12149,待整理,0,读取本题CSV行和对应来源；提炼卡片
205,jboss 反序列化 （CVE-2015-7501）,CVE-2015-7501,待整理,0,读取本题CSV行和对应来源；提炼卡片
206,joomla SQL注入 （CVE-2015-7857）,CVE-2015-7857,待整理,0,读取本题CSV行和对应来源；提炼卡片
207,joomla SQL注入 （CVE-2018-7314）,CVE-2018-7314,待整理,0,读取本题CSV行和对应来源；提炼卡片
208,laravel 信息泄露 (CVE-2017-16894),CVE-2017-16894,待整理,0,读取本题CSV行和对应来源；提炼卡片
209,laravel 远程代码执行 （CVE-2021-3129）,CVE-2021-3129,待整理,0,读取本题CSV行和对应来源；提炼卡片
210,libssh 身份验证绕过（CVE-2018-10933）,CVE-2018-10933,待整理,0,读取本题CSV行和对应来源；提炼卡片
211,netflix SSRF （CVE-2020-5412）,CVE-2020-5412,待整理,0,读取本题CSV行和对应来源；提炼卡片
212,nexus 代码执行 (CVE-2019-7238),CVE-2019-7238,待整理,0,读取本题CSV行和对应来源；提炼卡片
213,nginx 命令执行 (CVE-2021-23017),CVE-2021-23017,待整理,0,读取本题CSV行和对应来源；提炼卡片
214,ofbiz 反序列化 （CVE-2021-26295）,CVE-2021-26295,待整理,0,读取本题CSV行和对应来源；提炼卡片
215,ofbiz 远程代码执行 (CVE-2020-9496),CVE-2020-9496,待整理,0,读取本题CSV行和对应来源；提炼卡片
216,openssh 信息泄露 (CVE-2018-15473),CVE-2018-15473,待整理,0,读取本题CSV行和对应来源；提炼卡片
217,Rails 代码注入（CVE-2020-8163）,CVE-2020-8163,待整理,0,读取本题CSV行和对应来源；提炼卡片
218,rails 任意文件读取 （CVE-2019-5418）,CVE-2019-5418,待整理,0,读取本题CSV行和对应来源；提炼卡片
219,Redis Lua沙盒绕过 命令执行（CVE-2022-0543）,CVE-2022-0543,已有卡片；冻结，不纳入本轮返工,2,除非用户提出修改或发现具体事实错误，否则不返工
220,redis 未授权访问 (CNVD-2019-21763),CNVD-2019-21763,待整理,0,读取本题CSV行和对应来源；提炼卡片
221,SaltStack 认证绕过（CVE-2020-11651）,CVE-2020-11651,待整理,0,读取本题CSV行和对应来源；提炼卡片
222,saltstack 远程命令执行 (CVE-2020-16846),CVE-2020-16846,待整理,0,读取本题CSV行和对应来源；提炼卡片
223,shiro-721 代码执行,,待整理,0,读取本题CSV行和对应来源；提炼卡片
224,showdoc 文件上传 （cnvd-2020-26585）,CNVD-2020-26585,待整理,0,读取本题CSV行和对应来源；提炼卡片
225,skywalking SQL注入 （CVE-2020-9483）,CVE-2020-9483,待整理,0,读取本题CSV行和对应来源；提炼卡片
226,spring 代码执行 (CVE-2017-4971),CVE-2017-4971,待整理,0,读取本题CSV行和对应来源；提炼卡片
227,spring 代码执行 (CVE-2017-8046),CVE-2017-8046,待整理,0,读取本题CSV行和对应来源；提炼卡片
228,spring-boot-whitelabel-spel,,待整理,0,读取本题CSV行和对应来源；提炼卡片
229,struts2 代码执行 （CVE-2020-17530）,CVE-2020-17530,待整理,0,读取本题CSV行和对应来源；提炼卡片
230,thinkadmin 目录遍历 （CVE-2020-25540）,CVE-2020-25540,待整理,0,读取本题CSV行和对应来源；提炼卡片
231,thinkcmf 代码执行 （CVE-2019-7580）,CVE-2019-7580,待整理,0,读取本题CSV行和对应来源；提炼卡片
232,thinkphp3.2.x 代码执行,,待整理,0,读取本题CSV行和对应来源；提炼卡片
233,tomcat 文件上传 (CVE-2017-12615),CVE-2017-12615,已有卡片；冻结，不纳入本轮返工,4,除非用户提出修改或发现具体事实错误，否则不返工
234,vulfocus/dvwa,,待整理,0,读取本题CSV行和对应来源；提炼卡片
235,vulfocus/pikachu,,待整理,0,读取本题CSV行和对应来源；提炼卡片
236,weblogic 文件上传 （CVE-2018-2894）,CVE-2018-2894,待整理,0,读取本题CSV行和对应来源；提炼卡片
237,Weblogic 远程代码执行 （CVE-2018-2893）,CVE-2018-2893,待整理,0,读取本题CSV行和对应来源；提炼卡片
238,weblogic 远程代码执行 （CVE-2020-14882）,CVE-2020-14882,已有卡片；冻结，不纳入本轮返工,3,已补充与另一实例实战记录的区别；冻结，不纳入本轮返工
239,webmin 代码执行 （CVE-2021-31760）,CVE-2021-31760,待整理,0,读取本题CSV行和对应来源；提炼卡片
240,wordpress 代码执行 （CVE-2019-8943）,CVE-2019-8943,待整理,0,读取本题CSV行和对应来源；提炼卡片
241,wordpress 命令执行 （CVE-2016-10033）,CVE-2016-10033,待整理,0,读取本题CSV行和对应来源；提炼卡片
242,xstream 代码执行 (CVE-2021-21351),CVE-2021-21351,待整理,0,读取本题CSV行和对应来源；提炼卡片
243,xstream 反序列化 （CVE-2021-39144）,CVE-2021-39144,待整理,0,读取本题CSV行和对应来源；提炼卡片
244,xstream 远程代码执行 （CVE-2021-29505）,CVE-2021-29505,待整理,0,读取本题CSV行和对应来源；提炼卡片
245,zabbix 代码执行 （CVE-2020-11800）,CVE-2020-11800,待整理,0,读取本题CSV行和对应来源；提炼卡片
246,zabbix 命令注入 （CVE-2017-2824）,CVE-2017-2824,待整理,0,读取本题CSV行和对应来源；提炼卡片
247,zentaopms-9.1.2-sql SQL注入,,待整理,0,读取本题CSV行和对应来源；提炼卡片
248,shiro 权限绕过（CVE-2020-1957）,CVE-2020-1957,已有卡片；冻结，不纳入本轮返工,3,Shiro 主命令已补 --path-as-is；冻结，不纳入本轮返工
249,Websvn 命令注入 （CVE-2021-32305）,CVE-2021-32305,待整理,0,读取本题CSV行和对应来源；提炼卡片
